"Piyas De","piyasde@gmail.com","kolkata","983030030","Special"
"Parma","parmade@gmail.com","London","9865665767","Special 26"
"Arijit","ari@email.com","Paris","986566566","Any Special"
"Arijit123456","ari@email.com12","Paris1","986566566","Any Special"
"New user","newuser@gmail.com","Rome","12345678","Notes On this"
"New user1","newuser@gmail.com1","Rome1","123456781","Notes On this1"
"New user2","newuser@gmail.com2","Rome1","123456781","Notes On this1"
"New user4","newuser@gmail.com2","Rome1","123456781","Notes On this1"
"New user5","newuser@gmail.com2","Rome1","123456781","Notes On this1"
"New user6","newuser@gmail.com2","Rome1","123456781","Notes On this1"
"New user7","newuser@gmail.com2","Rome1","123456781","Notes On this1"
"New user8","newuser@gmail.com2","Rome1","123456781","Notes On this1"
"New user9","newuser@gmail.com2","Rome9","123456781","Notes On this9"
"JCG","JCG","Spain","85475489","JCG Notes"
